<?xml version="1.0" encoding="UTF-8" ?>
<databaseChangeLog xmlns="http://www.liquibase.org/xml/ns/dbchangelog"
                   xmlns:xsi="http://www.w3.org/2001/XMLSchema-instance"
                   xsi:schemaLocation="http://www.liquibase.org/xml/ns/dbchangelog
                   http://www.liquibase.org/xml/ns/dbchangelog/dbchangelog-4.3.xsd">

    <changeSet id="1" author="hiziane">
        <preConditions onFail="MARK_RAN" onFailMessage="Já existe a tabela PROPRIETARIO">
            <not>
                <tableExists tableName="PROPRIETARIO"/>
            </not>
        </preConditions>
        <createTable tableName="PROPRIETARIO">
            <column name="IdProprietario" type="INT">
                <constraints nullable="false" primaryKey="true" primaryKeyName="PK_PROPRIETARIO"/>
            </column>
            <column name="NOME" type="VARCHAR(255)">
                <constraints nullable="false"/>
            </column>
        </createTable>
    </changeSet>

    <changeSet id="2" author="hiziane">
        <preConditions onFail="MARK_RAN" onFailMessage="Já existe a tabela MATRIZ">
            <not>
                <tableExists tableName="MATRIZ"/>
            </not>
        </preConditions>
        <createTable tableName="MATRIZ">
            <column name="IdMATRIZ" type="INT">
                <constraints nullable="false" primaryKey="true" primaryKeyName="PK_MATRIZ"/>
            </column>
            <column name="OBS" type="VARCHAR(255)">
                <constraints nullable="true"/>
            </column>
            <column name="STATUS" type="VARCHAR(255)">
                <constraints nullable="false"/>
            </column>
        </createTable>
    </changeSet>

</databaseChangeLog>